question,answer,source,source_page,labels
Are there specific goals or outcomes the client is aiming to achieve?," The client emphasizes the importance of considering each party's investment objectives, financial situation, and particular needs while reading or using the RFP. They also caution that the assumptions, assessments, statements, and information in the RFP may not be complete, accurate, adequate, or correct. Therefore, each bidder is encouraged to conduct their own surveys, analysis, and obtain independent advice. Based on the provided context, it is not clear what specific goals or outcomes the client hopes to achieve through the project as outlined in the document.","Consultants to consider the investment objectives, financial situation and particular need of each party  who 
reads or uses t his RFP. The assumptions, assessments, statements and information contained in  this RFP, may 
not be complete, accurate, adequate or correct. Each Bidder should, therefore, conduct  its own surveys and 
analysis and should check the accuracy, adequacy, correc tness, reliability and  completeness of the 
assumptions, assessments, statements and information contained in this RFP and  obtain independent advice",2,certifications
What is the expected timeline for the project?," The RFP document does not provide information about the estimated project duration or timeline. The focus of the document is on the technical requirements, testing procedures, and performance standards for the ordered product and services.","standards  as mentioned in in the RFP  are available to TENDERER and its user organizations. 
The uptime will be  calculated as follows:  
“Total time in a quarter (in mi nutes) less total Service Down time (in minutes) in the 
quarter”  
41. “User Acceptance Test (UAT) ” means the User Acceptance Testing of the ordered product and 
services  on completion of installation and commi ssioning as per the requirement.  
42. ""% Uptime"" means rat io of 'up time' (in minutes) in a quarter to Total time in the quarter (in 
minutes)  multiplied by 100.",10,"descriptions, objectives, scope"
Are there any deliverables expected at different project milestones?," I'm unable to provide a specific answer based on the information given in the RFP document as it does not detail the project milestones and their corresponding deliverables. The document emphasizes the importance of adhering to the specified requirements and obtaining necessary information from appropriate sources before filling out the RFP. However, it does not provide an exhaustive list of project milestones or deliverables.","from appropriate sources before filling up the RFP. Any deviation in the  specification or proposed solutions  
will be deemed as incapability of the respective Agency and shall not  be considered for final evaluation 
process.  

Information provided in this document to the Bidder(s) is on a wide range of matters, some of which  depends 
upon interpretation of law. The information given is not an exhaustive account of statutory  requirements and 
should not be regarded as a complete or authoritative statement of law. The TENDERER  accepts no",2,deliverables
What are the key requirements for the solution or service being requested?," The essential requirement for the solution or service is for the consultants to consider the investment objectives, financial situation, and particular needs of each party who reads or uses the RFP. The consultants should conduct their own surveys and analysis, check the accuracy and completeness of the assumptions, assessments, statements, and information contained in the RFP, and obtain independent advice. The assumptions, assessments, statements, and information in the RFP may not be complete, accurate, adequate, or correct.","Consultants to consider the investment objectives, financial situation and particular need of each party  who 
reads or uses t his RFP. The assumptions, assessments, statements and information contained in  this RFP, may 
not be complete, accurate, adequate or correct. Each Bidder should, therefore, conduct  its own surveys and 
analysis and should check the accuracy, adequacy, correc tness, reliability and  completeness of the 
assumptions, assessments, statements and information contained in this RFP and  obtain independent advice",2,objectives
How will the proposals be evaluated and scored?," The RFP document states that only qualified bids will be opened and evaluated financially to determine the lowest bidder. If a bid contains conditional terms or major deviations from the RFP requirements, the tenderer has the discretion to reject it and not consider it for further evaluation. There is no information provided in the text regarding how the proposals will be scored or evaluated other than the financial evaluation of the lowest bidder.","Page 24 of 48 
 submit the bid security and non‐refundable bid processing fee as per this 
RFP document, the Bid shall be out rightly rejected.  
 
5.14.3.  Financial Bid Evaluation  
The Financial Bid s of qualified bidders only would be opened and evaluated to 
determine the L1 (lowest)  bidder . In case  of conditional bid or major  deviations from 
the RFP requirements, the TENDERER may at its discretion reject the respective bid 
and will not be considered  for further evaluation process.  
 
5.15. Award of Contract  
5.15.1  Award Criteria:",29,"descriptions, objectives, scope"
Are there any specific legal or compliance requirements that need to be addressed?," The RFP document emphasizes the importance of using appropriate sources to ensure compliance with all legal and regulatory requirements. Any deviation from the specification or proposed solutions will not be considered in the final evaluation process. The information provided in the document is not an exhaustive account of statutory requirements and should not be regarded as a complete or authoritative statement of law. Therefore, it is crucial for proposers to conduct thorough research and ensure full compliance with all relevant laws and regulations before submitting their proposals.","from appropriate sources before filling up the RFP. Any deviation in the  specification or proposed solutions  
will be deemed as incapability of the respective Agency and shall not  be considered for final evaluation 
process.  
 
Information provided in this document to the Bidder(s) is on a wide range of matters, some of which  depends 
upon interpretation of law. The information given is not an exhaustive account of statutory  requirements and 
should not be regarded as a complete or authoritative statement of law. The TENDERER  accepts no",2,specific
Are there any specific certifications or industry standards that bidders should meet?," According to the text, bidders are required to ensure they have filled up the RFP from appropriate sources and that there is no deviation in the specification or proposed solutions. However, the text does not mention any specific certifications or industry standards that bidders must meet to be eligible for the project.","from appropriate sources before filling up the RFP. Any deviation in the  specification or proposed solutions  
will be deemed as incapability of the respective Agency and shall not  be considered for final evaluation 
process.  
 
Information provided in this document to the Bidder(s) is on a wide range of matters, some of which  depends 
upon interpretation of law. The information given is not an exhaustive account of statutory  requirements and 
should not be regarded as a complete or authoritative statement of law. The TENDERER  accepts no",2,certifications
Is there a requirement to provide references or case studies of similar projects?," Based on the provided text, there is no mention of a requirement for bidders to provide references or case studies of similar projects they have completed. The text focuses on confidentiality and the use of documents and information provided by the tenderer.","furnished by or on behalf of TENDERER in connection therewith  to any person other than the 
person employed by the Bidder in the performance of the Agreement.  Disclosure to any such 
employee shall be made in confidence and shall extend only as far as may be necessary for 
such performance.  
ii.) The Bidder shall not witho ut prior written consent of TENDERER make use of any document 
or information made available for the project except for purposes of performing the 
Agreement.  
iii.) All project related documents issued by TENDERER other than the Agreement itself shall",36,"descriptions, objectives, scope"
"Are there any identified risks associated with the project, and how should they be addressed in the proposal?"," In response to the identified risks associated with the project, the proposal should outline the following measures:
1. Compliance with Specifications: The proposal should ensure that all specifications provided by the TENDERER are strictly adhered to, with no deviations that could lead to potential risks.
2. Legal Compliance: The proposal should demonstrate a clear understanding of the relevant statutory requirements and ensure that all proposed solutions are in compliance with the law.
3. Risk Assessment and Mitigation: The proposal should conduct a thorough risk assessment of the project and outline measures to mitigate identified risks, including contingency plans and backup systems.
4. Quality Control: The proposal should outline a robust quality control process to ensure that all deliverables meet the required standards and minimize the risk of defects or errors.
5. Communication: The proposal should outline effective communication channels to ensure that all stakeholders are kept informed of project progress, risks, and mitigation measures.
6. Training and Development: The proposal should include a plan for training and developing staff to ensure that they have the necessary skills and knowledge to effectively manage and mitigate risks.
7. Contingency Planning: The proposal should outline contingency plans to address potential risks, including financial, operational, and reputational risks.
8. Regular Reporting: The proposal should outline a regular reporting schedule to keep the TENDERER informed of project progress, risks, and mitigation measures.
9. Continuous Improvement: The proposal should demonstrate a commitment to continuous improvement, with regular reviews of risk management processes and the implementation of new best practices.

It's important to note that the specific measures outlined in the proposal may vary depending on the nature and complexity of the project, as well as the identified risks. However, the above measures provide a good starting point for addressing risks associated with a project.","from appropriate sources before filling up the RFP. Any deviation in the  specification or proposed solutions  
will be deemed as incapability of the respective Agency and shall not  be considered for final evaluation 
process.  
 
Information provided in this document to the Bidder(s) is on a wide range of matters, some of which  depends 
upon interpretation of law. The information given is not an exhaustive account of statutory  requirements and 
should not be regarded as a complete or authoritative statement of law. The TENDERER  accepts no",2,certifications
