text,label
Certificate of society registration is required for pre-qualification.,pre_qualification
GST certification is mandatory eligibility criteria.,certifications
Our annual turnover demonstrates our financial capability.,financial_capability
Termination of the partnership is a critical issue.,termination
We have expertise in e-governance projects.,project_related
Project planning involves task development and documentation.,tasks
Our team has experience in handling specific modules like Aadhaar authentication.,specific_modules
Reliability and performance are key hardware configurations.,hardware_configurations
The pre-qualification process includes submitting the PAN card.,pre_qualification
Certifications are necessary to prove eligibility for the project.,certifications
"Financial capability is crucial, considering the net worth and annual turnover.",financial_capability
Non-termination of contracts is essential for successful partnerships.,termination
We excel in various e-governance initiatives and projects.,project_related
"The project plan outlines the tasks, requirements, and analysis involved.",tasks
Deliverables include detailed planning and documentation by the project manager.,deliverables
The methodology employed is essential for successful project implementation.,methodology
Our objectives include a comprehensive scope and detailed project descriptions.,objectives_scope_descriptions
"Technical requirements cover product features, user roles, and security measures.",technical_requirements
Specific modules like biometric authentication and KYC are part of our expertise.,specific_modules
"Hardware configurations ensure high performance, reliability, and portability.",hardware_configurations
Society registration is a prerequisite for pre-qualification.,pre_qualification
Eligibility criteria for certifications involve obtaining the necessary forms.,certifications
Our financial capability is evident in our impressive annual turnover.,financial_capability
Termination clauses are carefully outlined in our partnership agreements.,termination
We specialize in a wide range of e-governance projects for societal development.,project_related
Detailed project planning involves task identification and documentation.,tasks
"Our team excels in handling specific modules, including Aadhaar authentication.",specific_modules
Hardware configurations play a crucial role in ensuring reliability and performance.,hardware_configurations
Pre-qualification requires a valid certificate of society registration.,pre_qualification
Certifications are essential to meet eligibility criteria for various projects.,certifications
Financial capability is demonstrated through our impressive annual turnover.,financial_capability
Our society registration is up to date for pre-qualification processes.,pre_qualification
"Certifications, including GST, are part of our eligibility requirements.",certifications
Our financial capability is evident in the net worth and annual turnover.,financial_capability
Proper termination procedures ensure smooth transitions in partnerships.,termination
We have a successful track record in implementing e-governance initiatives.,project_related
Project planning is a collaborative effort involving task analysis and documentation.,tasks
Project deliverables are carefully managed by our skilled project manager.,deliverables
Following a structured methodology is crucial for project success.,methodology
Project planning involves systematic task development and thorough documentation.,tasks
"Our team excels in handling specific modules, including Aadhaar authentication.",specific_modules
Hardware configurations play a pivotal role in ensuring reliability and performance.,hardware_configurations
Our society registration is compliant with pre-qualification norms.,pre_qualification
"Certifications, including GST, are prerequisites for eligibility.",certifications
Demonstrating financial capability requires transparency in annual turnover.,financial_capability
Effective termination strategies protect the interests of all stakeholders.,termination
We are pioneers in implementing innovative e-governance projects.,project_related
Project planning involves comprehensive task development and meticulous documentation.,tasks
Our project manager ensures timely delivery of project deliverables.,deliverables
Following a structured methodology is crucial for project success and client satisfaction.,methodology
Our objectives and scope descriptions are in line with industry standards.,objectives_scope_descriptions
"Technical requirements include cutting-edge product features, user roles, and security measures.",technical_requirements
Specialized modules like biometric authentication and encryption are integral to our expertise.,specific_modules
"Reliability, performance, and portability are the cornerstones of our hardware configurations.",hardware_configurations
Pre-qualification requires up-to-date society registration and PAN card submission.,pre_qualification
Acquiring the necessary certifications is a non-negotiable step in meeting eligibility criteria.,certifications
Our financial strength is evident in our impressive annual turnover figures.,financial_capability
Carefully structured termination procedures are vital for partnership success.,termination
Our organization leads in the implementation of cutting-edge e-governance projects.,project_related
Project planning involves detailed task development and thorough documentation.,tasks
Our skilled project manager oversees the timely delivery of project deliverables.,deliverables
Adherence to a well-defined methodology is fundamental for achieving project success.,methodology
Our objectives and scope descriptions are tailored to meet project goals.,objectives_scope_descriptions
"Technical requirements include advanced product features, user roles, and stringent security measures.",technical_requirements
Expertise in specialized modules like biometric authentication and encryption sets us apart.,specific_modules
"Our hardware configurations prioritize reliability, high performance, and portability.",hardware_configurations
"To qualify, society registration and a valid PAN card submission are mandatory.",pre_qualification
"Certifications, such as GST, play a critical role in meeting eligibility criteria.",certifications
Our consistent annual turnover is a testament to our financial strength.,financial_capability
Clear termination clauses are essential for the smooth conclusion of partnerships.,termination
E-governance projects are at the core of our organizational impact and societal development.,project_related
"Project planning involves task identification, development, and comprehensive documentation.",tasks
Our project manager meticulously plans and executes project deliverables.,deliverables
Following a robust methodology is key to achieving project goals and client satisfaction.,methodology
Precise objectives and scope descriptions guide our projects towards success.,objectives_scope_descriptions
"Technical requirements encompass state-of-the-art product features, user permissions, and robust security measures.",technical_requirements
Our expertise extends to specific modules like Aadhaar authentication and encryption.,specific_modules
"Optimized hardware configurations ensure peak performance, reliability, and portability.",hardware_configurations
Society registration is a prerequisite for pre-qualification in our organization.,pre_qualification
"Certifications, including GST, are integral components of our eligibility criteria.",certifications
Our financial capability is underscored by our consistent and impressive annual turnover.,financial_capability
Termination clauses are meticulously drafted to ensure fairness and protect the interests of all partners.,termination
We have a proven track record in delivering successful and impactful e-governance projects.,project_related
Project planning is a collaborative effort involving task development and documentation.,tasks
Our society registration is compliant with pre-qualification norms.,specific_modules
"Certifications, including GST, are prerequisites for eligibility.",hardware_configurations
Demonstrating financial capability requires transparency in annual turnover.,pre_qualification
Effective termination strategies protect the interests of all stakeholders.,certifications
We are pioneers in implementing innovative e-governance projects.,financial_capability
Project planning involves comprehensive task development and meticulous documentation.,termination
Our project manager ensures timely delivery of project deliverables.,project_related
Following a structured methodology is crucial for project success and client satisfaction.,tasks